G649	PL Lowest minBound Energy	PL Conf
phe		-71.005482	[4, 27, 7, 18, 28, 5, 8, 18]
TYR		-63.894695	[4, 11, 7, 18, 24, 5, 8, 18]
ILE		-64.318182	[4, 11, 7, 18, 7, 5, 8, 18]
LEU		-60.484761	[4, 11, 7, 18, 18, 5, 8, 18]
VAL		-63.034833	[4, 11, 7, 18, 13, 5, 8, 18]
ALA		-62.570588	[4, 11, 7, 18, 19, 5, 8, 18]
