G649	PL Lowest minBound Energy	PL Conf
phe		-71.006349	[28, 5, 8, 18, 4, 27, 7, 18]
TYR		-63.894704	[8, 5, 8, 18, 4, 11, 7, 18]
ILE		-64.318191	[19, 5, 8, 18, 4, 11, 7, 18]
LEU		-60.485169	[27, 5, 8, 18, 4, 11, 7, 18]
VAL		-63.034842	[15, 5, 8, 18, 4, 11, 7, 18]
ALA		-62.570596	[12, 5, 8, 18, 4, 11, 7, 18]
