Seq ID	Sequence	K* Score (Log10)	K* Lower Bound	K* Upper Bound	Total # Confs.	Complex Partition Function	Complex Epsilon	Complex # Confs.	Protein Partition Function	Protein Epsilon	Protein # Confs.	Ligand Partition Function	Ligand Epsilon	Ligand # Confs.	Time (sec)
0	A42=ala	7.444378	5.955390	8.509442	15	6.404992e+29	0.9139132275132101	5	2.907282e+05	0.008007651168305051	5	7.918690e+16	0.9673033302191733	5	2
1	A42=THR	7.549278	6.158101	9.156872	19	2.186209e+30	0.9753165129995589	5	2.907282e+05	0.008007651168305051	5	2.122884e+17	0.9590443003712935	9	3
2	A42=LYS	11.524850	9.775136	12.956380	15	5.314551e+33	0.9629770764352115	5	2.907282e+05	0.008007651168305051	5	5.459201e+16	0.9820618798031454	5	4
