Seq ID	Sequence	K* Score (Log10)	K* Lower Bound	K* Upper Bound	Total # Confs.	Complex Partition Function	Complex Epsilon	Complex # Confs.	Protein Partition Function	Protein Epsilon	Protein # Confs.	Ligand Partition Function	Ligand Epsilon	Ligand # Confs.	Time (sec)
0	G649=phe	15.769241	12.482503	17.434950	1	1.086466e+50	0.9784080668484005	1	1.605729e+04	0.9891441130248853	0	1.151072e+30	0.9524011563973341	0	6
1	G649=TYR	15.769241	12.482503	17.434950	1	1.086466e+50	0.9784080668484005	1	1.605729e+04	0.9891441130248853	0	1.151072e+30	0.9524011563973341	0	8
2	G649=ALA	15.769241	12.482503	17.434950	1	1.086466e+50	0.9784080668484005	1	1.605729e+04	0.9891441130248853	0	1.151072e+30	0.9524011563973341	0	10
3	G649=VAL	15.769241	12.482503	17.434950	1	1.086466e+50	0.9784080668484005	1	1.605729e+04	0.9891441130248853	0	1.151072e+30	0.9524011563973341	0	12
4	G649=ILE	15.769241	12.482503	17.434950	1	1.086466e+50	0.9784080668484005	1	1.605729e+04	0.9891441130248853	0	1.151072e+30	0.9524011563973341	0	14
5	G649=LEU	15.769241	12.482503	17.434950	1	1.086466e+50	0.9784080668484005	1	1.605729e+04	0.9891441130248853	0	1.151072e+30	0.9524011563973341	0	15
