Seq ID	Sequence	K* Score (Log10)	K* Lower Bound	K* Upper Bound	Total # Confs.	Complex Partition Function	Complex Epsilon	Complex # Confs.	Protein Partition Function	Protein Epsilon	Protein # Confs.	Ligand Partition Function	Ligand Epsilon	Ligand # Confs.	Time (sec)
0	G649=phe G650=asp G651=glu G654=thr A156=phe A172=lys A192=ile A193=thr	15.419625	14.418476	17.019253	16	3.805141e+50	0.9748596137543541	6	3.979285e+04	0.4075726686791788	5	3.638650e+30	0.831649202780446	5	3
1	G649=TYR G650=asp G651=glu G654=thr A156=phe A172=lys A192=ile A193=thr	11.542899	10.176031	12.903829	15	1.811075e+46	0.9564418434457836	5	1.425926e+04	0.7447789612471537	5	3.638650e+30	0.831649202780446	5	4
2	G649=ALA G650=asp G651=glu G654=thr A156=phe A172=lys A192=ile A193=thr	11.837435	11.039054	12.684572	15	1.481203e+45	0.8578116942042899	5	5.918871e+02	0.05506254643610015	5	3.638650e+30	0.831649202780446	5	6
3	G649=VAL G650=asp G651=glu G654=thr A156=phe A172=lys A192=ile A193=thr	12.673527	11.847297	13.837524	15	2.097343e+45	0.9314507961069658	5	1.222369e+02	0.11375289739385361	5	3.638650e+30	0.831649202780446	5	7
4	G649=ILE G650=asp G651=glu G654=thr A156=phe A172=lys A192=ile A193=thr	12.904755	11.422059	14.352850	19	1.392259e+46	0.9643626639530213	9	4.764575e+02	0.8045261930083908	5	3.638650e+30	0.831649202780446	5	10
5	G649=LEU G650=asp G651=glu G654=thr A156=phe A172=lys A192=ile A193=thr	none	-Infinity	Infinity	5	0.000000e+00	NaN	0	4.302241e+00	0.1717172553824659	5	0.000000e+00	NaN	0	10
