Seq ID	Sequence	K* Lower Bound	K* Upper Bound	K* Lower (log10)	K* Upper (log10)	Total # Confs.	Complex Pfunc Lower	Complex Pfunc Upper	Complex Free Energy Lower	Complex Free Energy Upper	Complex Epsilon	Complex # Confs.	Protein Pfunc Lower	Protein Pfunc Upper	Protein Free Energy Lower	Protein Free Energy Upper	Protein Epsilon	Protein # Confs.	Ligand Pfund Lower	Ligand Pfund Upper	Ligand Free Energy Lower	Ligand Free Energy Upper	Ligand Epsilon	Ligand # Confs.	Time (sec)
0	6 GLN=gln	1.192316e+28	1.815156e+31	28.07639143002549	31.25891404920729	1941	8.761732e+852	8.356644e+854	-1167.437472068467	-1164.7344481493492	0.9895152506101649	1930	1.703618e+770	1.580036e+771	-1053.1091592893022	-1051.7882713954675	0.8921785348371828	6	2.702375e+53	4.650841e+53	-73.28561551855947	-72.9636384402908	0.41894920800319696	5	359
1	6 GLN=ALA	5.665790e+27	3.918334e+30	27.75326049548566	30.5931015076998	175	1.073583e+851	8.005381e+852	-1164.680907794672	-1162.1238551411466	0.9865892286269526	165	1.703618e+770	1.580036e+771	-1053.1091592893022	-1051.7882713954675	0.8921785348371828	6	1.199246e+52	1.199246e+52	-71.11627346340993	-71.11627346340993	0.0	4	386
2	6 GLN=GLU	8.122140e+27	1.585130e+31	27.90967044437801	31.20006498396437	1532	9.352490e+852	8.669366e+854	-1167.4592599751452	-1164.7731440643577	0.9892120258180177	1521	1.703618e+770	1.580036e+771	-1053.1091592893022	-1051.7882713954675	0.8921785348371828	6	3.210333e+53	7.287688e+53	-73.55197702032359	-73.06578759793273	0.5594853735319675	5	685
