{
   "AAA" : {
      "ACA" : 0.001296555,
      "AGA" : 0.002178105,
      "ATA" : 0.002376093
   },
   "AAC" : {
      "ACC" : 0.000299724,
      "AGC" : 0.002230074,
      "ATC" : 0.002032707
   },
   "AAG" : {
      "ACG" : 0.001186914,
      "AGG" : 0.0035988,
      "ATG" : 0.00508743
   },
   "AAT" : {
      "ACT" : 0.000402204,
      "AGT" : 0.004131507,
      "ATT" : 0.002030235
   },
   "ACA" : {
      "AAA" : 0.015347823,
      "AGA" : 0.004439358,
      "ATA" : 0.007001988
   },
   "ACC" : {
      "AAC" : 0.012852828,
      "AGC" : 0.002596398,
      "ATC" : 0.004323732
   },
   "ACG" : {
      "AAG" : 0.007230498,
      "AGG" : 0.001321383,
      "ATG" : 0.005956437
   },
   "ACT" : {
      "AAT" : 0.010086003,
      "AGT" : 0.002847507,
      "ATT" : 0.003973962
   },
   "AGA" : {
      "AAA" : 0.00814365,
      "ACA" : 0.007072317,
      "ATA" : 0.016337817
   },
   "AGC" : {
      "AAC" : 0.005172219,
      "ACC" : 0.002779725,
      "ATC" : 0.010743126
   },
   "AGG" : {
      "AAG" : 0.009921048,
      "ACG" : 0.004182762,
      "ATG" : 0.017835018
   },
   "AGT" : {
      "AAT" : 0.003973962,
      "ACT" : 0.002847507,
      "ATT" : 0.010086003
   },
   "ATA" : {
      "AAA" : 0.002378709,
      "ACA" : 0.006174201,
      "AGA" : 0.000131952
   },
   "ATC" : {
      "AAC" : 0.002500698,
      "ACC" : 0.001844361,
      "AGC" : 0.000193428
   },
   "ATG" : {
      "AAG" : 0.004681878,
      "ACG" : 0.004929042,
      "AGG" : 0.000979173
   },
   "ATT" : {
      "AAT" : 0.002030235,
      "ACT" : 0.004131507,
      "AGT" : 0.000402204
   },
   "CAA" : {
      "CCA" : 0.001534311,
      "CGA" : 0.002144751,
      "CTA" : 0.003455211
   },
   "CAC" : {
      "CCC" : 0.001168908,
      "CGC" : 0.002583672,
      "CTC" : 0.005420073
   },
   "CAG" : {
      "CCG" : 0.002162517,
      "CGG" : 0.005024985,
      "CTG" : 0.01364442
   },
   "CAT" : {
      "CCT" : 0.000979173,
      "CGT" : 0.004929042,
      "CTT" : 0.004681878
   },
   "CCA" : {
      "CAA" : 0.019380867,
      "CGA" : 0.004455786,
      "CTA" : 0.010564593
   },
   "CCC" : {
      "CAC" : 0.024369153,
      "CGC" : 0.004138908,
      "CTC" : 0.007259598
   },
   "CCG" : {
      "CAG" : 0.003696483,
      "CGG" : 0.002562078,
      "CTG" : 0.006257307
   },
   "CCT" : {
      "CAT" : 0.017835018,
      "CGT" : 0.004182762,
      "CTT" : 0.009921048
   },
   "CGA" : {
      "CAA" : 0.003887301,
      "CCA" : 0.001438341,
      "CTA" : 0.004512234
   },
   "CGC" : {
      "CAC" : 0.00441477,
      "CCC" : 0.002424006,
      "CTC" : 0.008922042
   },
   "CGG" : {
      "CAG" : 0.006257307,
      "CCG" : 0.002562078,
      "CTG" : 0.003696483
   },
   "CGT" : {
      "CAT" : 0.005956437,
      "CCT" : 0.001321383,
      "CTT" : 0.007230498
   },
   "CTA" : {
      "CAA" : 0.003080319,
      "CCA" : 0.002850429,
      "CGA" : 0.00010044
   },
   "CTC" : {
      "CAC" : 0.00472626,
      "CCC" : 0.001945389,
      "CGC" : 0.00075615
   },
   "CTG" : {
      "CAG" : 0.01364442,
      "CCG" : 0.005024985,
      "CGG" : 0.002162517
   },
   "CTT" : {
      "CAT" : 0.00508743,
      "CCT" : 0.0035988,
      "CGT" : 0.001186914
   },
   "GAA" : {
      "GCA" : 0.000485538,
      "GGA" : 0.001616808,
      "GTA" : 0.002332653
   },
   "GAC" : {
      "GCC" : 8.0088e-05,
      "GGC" : 0.001475124,
      "GTC" : 0.002311734
   },
   "GAG" : {
      "GCG" : 0.00075615,
      "GGG" : 0.001945389,
      "GTG" : 0.00472626
   },
   "GAT" : {
      "GCT" : 0.000193428,
      "GGT" : 0.001844361,
      "GTT" : 0.002500698
   },
   "GCA" : {
      "GAA" : 0.016081719,
      "GGA" : 0.003027816,
      "GTA" : 0.005417547
   },
   "GCC" : {
      "GAC" : 0.016100535,
      "GGC" : 0.003865299,
      "GTC" : 0.005181186
   },
   "GCG" : {
      "GAG" : 0.008922042,
      "GGG" : 0.002424006,
      "GTG" : 0.00441477
   },
   "GCT" : {
      "GAT" : 0.010743126,
      "GGT" : 0.002779725,
      "GTT" : 0.005172219
   },
   "GGA" : {
      "GAA" : 0.006204717,
      "GCA" : 0.00547503,
      "GTA" : 0.022164159
   },
   "GGC" : {
      "GAC" : 0.005181186,
      "GCC" : 0.003865299,
      "GTC" : 0.016100535
   },
   "GGG" : {
      "GAG" : 0.007259598,
      "GCG" : 0.004138908,
      "GTG" : 0.024369153
   },
   "GGT" : {
      "GAT" : 0.004323732,
      "GCT" : 0.002596398,
      "GTT" : 0.012852828
   },
   "GTA" : {
      "GAA" : 0.002904207,
      "GCA" : 0.003460653,
      "GGA" : 6.348e-05
   },
   "GTC" : {
      "GAC" : 0.002311734,
      "GCC" : 0.001475124,
      "GGC" : 8.0088e-05
   },
   "GTG" : {
      "GAG" : 0.005420073,
      "GCG" : 0.002583672,
      "GGG" : 0.001168908
   },
   "GTT" : {
      "GAT" : 0.002032707,
      "GCT" : 0.002230074,
      "GGT" : 0.000299724
   },
   "TAA" : {
      "TCA" : 0.000169176,
      "TGA" : 0.002035563,
      "TTA" : 0.002248938
   },
   "TAC" : {
      "TCC" : 6.348e-05,
      "TGC" : 0.003460653,
      "TTC" : 0.002904207
   },
   "TAG" : {
      "TCG" : 0.00010044,
      "TGG" : 0.002850429,
      "TTG" : 0.003080319
   },
   "TAT" : {
      "TCT" : 0.000131952,
      "TGT" : 0.006174201,
      "TTT" : 0.002378709
   },
   "TCA" : {
      "TAA" : 0.014662212,
      "TGA" : 0.005351697,
      "TTA" : 0.00956343
   },
   "TCC" : {
      "TAC" : 0.022164159,
      "TGC" : 0.00547503,
      "TTC" : 0.006204717
   },
   "TCG" : {
      "TAG" : 0.004512234,
      "TGG" : 0.001438341,
      "TTG" : 0.003887301
   },
   "TCT" : {
      "TAT" : 0.016337817,
      "TGT" : 0.007072317,
      "TTT" : 0.00814365
   },
   "TGA" : {
      "TAA" : 0.00956343,
      "TCA" : 0.005351697,
      "TTA" : 0.014662212
   },
   "TGC" : {
      "TAC" : 0.005417547,
      "TCC" : 0.003027816,
      "TTC" : 0.016081719
   },
   "TGG" : {
      "TAG" : 0.010564593,
      "TCG" : 0.004455786,
      "TTG" : 0.019380867
   },
   "TGT" : {
      "TAT" : 0.007001988,
      "TCT" : 0.004439358,
      "TTT" : 0.015347823
   },
   "TTA" : {
      "TAA" : 0.002248938,
      "TCA" : 0.002035563,
      "TGA" : 0.000169176
   },
   "TTC" : {
      "TAC" : 0.002332653,
      "TCC" : 0.001616808,
      "TGC" : 0.000485538
   },
   "TTG" : {
      "TAG" : 0.003455211,
      "TCG" : 0.002144751,
      "TGG" : 0.001534311
   },
   "TTT" : {
      "TAT" : 0.002376093,
      "TCT" : 0.002178105,
      "TGT" : 0.001296555
   }
}
