{
   "AAA" : {
      "ACA" : 0.001531141,
      "AGA" : 0.002598117,
      "ATA" : 0.004063999
   },
   "AAC" : {
      "ACC" : 0.000799114,
      "AGC" : 0.00690382,
      "ATC" : 0.000874693
   },
   "AAG" : {
      "ACG" : 0.00138002,
      "AGG" : 0.004276518,
      "ATG" : 0.0016908
   },
   "AAT" : {
      "ACT" : 0.000203184,
      "AGT" : 0.002559217,
      "ATT" : 0.003134217
   },
   "ACA" : {
      "AAA" : 0.000889121,
      "AGA" : 0.000291336,
      "ATA" : 0.001601212
   },
   "ACC" : {
      "AAC" : 0.000904956,
      "AGC" : 0.000244258,
      "ATC" : 0.016219572
   },
   "ACG" : {
      "AAG" : 9.0736e-05,
      "AGG" : 6.7773e-05,
      "ATG" : 0.003907291
   },
   "ACT" : {
      "AAT" : 0.000679789,
      "AGT" : 0.000384117,
      "ATT" : 0.004596298
   },
   "AGA" : {
      "AAA" : 0.065248536,
      "ACA" : 0.000918219,
      "ATA" : 0.002057003
   },
   "AGC" : {
      "AAC" : 0.013622301,
      "ACC" : 0.000203229,
      "ATC" : 0.00053556
   },
   "AGG" : {
      "AAG" : 0.060752938,
      "ACG" : 0.00043516,
      "ATG" : 0.001548356
   },
   "AGT" : {
      "AAT" : 0.004596298,
      "ACT" : 0.000384117,
      "ATT" : 0.000679789
   },
   "ATA" : {
      "AAA" : 0.001010545,
      "ACA" : 0.002195299,
      "AGA" : 5.644e-05
   },
   "ATC" : {
      "AAC" : 0.001277772,
      "ACC" : 0.000731155,
      "AGC" : 5.0796e-05
   },
   "ATG" : {
      "AAG" : 0.001130012,
      "ACG" : 0.001550518,
      "AGG" : 0.000884341
   },
   "ATT" : {
      "AAT" : 0.003134217,
      "ACT" : 0.002559217,
      "AGT" : 0.000203184
   },
   "CAA" : {
      "CCA" : 0.000915119,
      "CGA" : 0.001851597,
      "CTA" : 0.000879815
   },
   "CAC" : {
      "CCC" : 0.001544918,
      "CGC" : 0.000804098,
      "CTC" : 0.000564887
   },
   "CAG" : {
      "CCG" : 0.000860855,
      "CGG" : 0.001422269,
      "CTG" : 0.000686518
   },
   "CAT" : {
      "CCT" : 0.000884341,
      "CGT" : 0.001550518,
      "CTT" : 0.001130012
   },
   "CCA" : {
      "CAA" : 0.001439217,
      "CGA" : 0.000193842,
      "CTA" : 0.058090745
   },
   "CCC" : {
      "CAC" : 0.000736481,
      "CGC" : 0.000476074,
      "CTC" : 0.077262288
   },
   "CCG" : {
      "CAG" : 8.4343e-05,
      "CGG" : 0.000521688,
      "CTG" : 0.018185187
   },
   "CCT" : {
      "CAT" : 0.001548356,
      "CGT" : 0.00043516,
      "CTT" : 0.060752938
   },
   "CGA" : {
      "CAA" : 0.076587595,
      "CCA" : 0.000271565,
      "CTA" : 0.000347626
   },
   "CGC" : {
      "CAC" : 0.002957812,
      "CCC" : 1.145e-05,
      "CTC" : 8.5164e-05
   },
   "CGG" : {
      "CAG" : 0.018185187,
      "CCG" : 0.000521688,
      "CTG" : 8.4343e-05
   },
   "CGT" : {
      "CAT" : 0.003907291,
      "CCT" : 6.7773e-05,
      "CTT" : 9.0736e-05
   },
   "CTA" : {
      "CAA" : 8.0933e-05,
      "CCA" : 0.001201973,
      "CGA" : 5.0796e-05
   },
   "CTC" : {
      "CAC" : 0.001303562,
      "CCC" : 0.001155089,
      "CGC" : 0.000730304
   },
   "CTG" : {
      "CAG" : 0.000686518,
      "CCG" : 0.001422269,
      "CGG" : 0.000860855
   },
   "CTT" : {
      "CAT" : 0.0016908,
      "CCT" : 0.004276518,
      "CGT" : 0.00138002
   },
   "GAA" : {
      "GCA" : 0.00094748,
      "GGA" : 0.001941152,
      "GTA" : 0.001435339
   },
   "GAC" : {
      "GCC" : 5.0796e-05,
      "GGC" : 0.000641346,
      "GTC" : 0.00017085
   },
   "GAG" : {
      "GCG" : 0.000730304,
      "GGG" : 0.001155089,
      "GTG" : 0.001303562
   },
   "GAT" : {
      "GCT" : 5.0796e-05,
      "GGT" : 0.000731155,
      "GTT" : 0.001277772
   },
   "GCA" : {
      "GAA" : 0.001181113,
      "GGA" : 0.00012992,
      "GTA" : 0.001426065
   },
   "GCC" : {
      "GAC" : 0.000458515,
      "GGC" : 0.000464741,
      "GTC" : 0.017638778
   },
   "GCG" : {
      "GAG" : 8.5164e-05,
      "GGG" : 1.145e-05,
      "GTG" : 0.002957812
   },
   "GCT" : {
      "GAT" : 0.00053556,
      "GGT" : 0.000203229,
      "GTT" : 0.013622301
   },
   "GGA" : {
      "GAA" : 0.218572395,
      "GCA" : 0.000958632,
      "GTA" : 0.002185331
   },
   "GGC" : {
      "GAC" : 0.017638778,
      "GCC" : 0.000464741,
      "GTC" : 0.000458515
   },
   "GGG" : {
      "GAG" : 0.077262288,
      "GCG" : 0.000476074,
      "GTG" : 0.000736481
   },
   "GGT" : {
      "GAT" : 0.016219572,
      "GCT" : 0.000244258,
      "GTT" : 0.000904956
   },
   "GTA" : {
      "GAA" : 9.7361e-05,
      "GCA" : 0.000809435,
      "GGA" : 2.822e-05
   },
   "GTC" : {
      "GAC" : 0.00017085,
      "GCC" : 0.000641346,
      "GGC" : 5.0796e-05
   },
   "GTG" : {
      "GAG" : 0.000564887,
      "GCG" : 0.000804098,
      "GGG" : 0.001544918
   },
   "GTT" : {
      "GAT" : 0.000874693,
      "GCT" : 0.00690382,
      "GGT" : 0.000799114
   },
   "TAA" : {
      "TCA" : 5.0796e-05,
      "TGA" : 0.002205637,
      "TTA" : 0.000999716
   },
   "TAC" : {
      "TCC" : 2.822e-05,
      "TGC" : 0.000809435,
      "TTC" : 9.7361e-05
   },
   "TAG" : {
      "TCG" : 5.0796e-05,
      "TGG" : 0.001201973,
      "TTG" : 8.0933e-05
   },
   "TAT" : {
      "TCT" : 5.644e-05,
      "TGT" : 0.002195299,
      "TTT" : 0.001010545
   },
   "TCA" : {
      "TAA" : 0.001512824,
      "TGA" : 0.000263489,
      "TTA" : 0.09157678
   },
   "TCC" : {
      "TAC" : 0.002185331,
      "TGC" : 0.000958632,
      "TTC" : 0.218572395
   },
   "TCG" : {
      "TAG" : 0.000347626,
      "TGG" : 0.000271565,
      "TTG" : 0.076587595
   },
   "TCT" : {
      "TAT" : 0.002057003,
      "TGT" : 0.000918219,
      "TTT" : 0.065248536
   },
   "TGA" : {
      "TAA" : 0.09157678,
      "TCA" : 0.000263489,
      "TTA" : 0.001512824
   },
   "TGC" : {
      "TAC" : 0.001426065,
      "TCC" : 0.00012992,
      "TTC" : 0.001181113
   },
   "TGG" : {
      "TAG" : 0.058090745,
      "TCG" : 0.000193842,
      "TTG" : 0.001439217
   },
   "TGT" : {
      "TAT" : 0.001601212,
      "TCT" : 0.000291336,
      "TTT" : 0.000889121
   },
   "TTA" : {
      "TAA" : 0.000999716,
      "TCA" : 0.002205637,
      "TGA" : 5.0796e-05
   },
   "TTC" : {
      "TAC" : 0.001435339,
      "TCC" : 0.001941152,
      "TGC" : 0.00094748
   },
   "TTG" : {
      "TAG" : 0.000879815,
      "TCG" : 0.001851597,
      "TGG" : 0.000915119
   },
   "TTT" : {
      "TAT" : 0.004063999,
      "TCT" : 0.002598117,
      "TGT" : 0.001531141
   }
}
