{
   "AAA" : {
      "ACA" : 0.001368532,
      "AGA" : 0.002132065,
      "ATA" : 0.0008342
   },
   "AAC" : {
      "ACC" : 0.001572535,
      "AGC" : 0.004591972,
      "ATC" : 0.000755663
   },
   "AAG" : {
      "ACG" : 0.00310528,
      "AGG" : 0.003209769,
      "ATG" : 0.00085363
   },
   "AAT" : {
      "ACT" : 0.001010583,
      "AGT" : 0.002738017,
      "ATT" : 0.002137251
   },
   "ACA" : {
      "AAA" : 0.002240835,
      "AGA" : 0.000463454,
      "ATA" : 0.007271168
   },
   "ACC" : {
      "AAC" : 0.001978686,
      "AGC" : 0.000629076,
      "ATC" : 0.004354705
   },
   "ACG" : {
      "AAG" : 0.000282667,
      "AGG" : 0.000131288,
      "ATG" : 0.033795057
   },
   "ACT" : {
      "AAT" : 0.001540342,
      "AGT" : 0.000719586,
      "ATT" : 0.003454122
   },
   "AGA" : {
      "AAA" : 0.004685391,
      "ACA" : 0.002401797,
      "ATA" : 0.004037273
   },
   "AGC" : {
      "AAC" : 0.008603035,
      "ACC" : 0.000347463,
      "ATC" : 0.002613327
   },
   "AGG" : {
      "AAG" : 0.004310853,
      "ACT" : 0.000381728,
      "ATG" : 0.006811249
   },
   "AGT" : {
      "AAT" : 0.003454122,
      "ACT" : 0.000719586,
      "ATT" : 0.001540342
   },
   "ATA" : {
      "AAA" : 0.001007765,
      "ACA" : 0.004290653,
      "AGA" : 0.000286599
   },
   "ATC" : {
      "AAC" : 0.00149267,
      "ACC" : 0.002731798,
      "AGC" : 0.00049178
   },
   "ATG" : {
      "AAG" : 0.000643957,
      "ACG" : 0.005124704,
      "AGG" : 0.000409431
   },
   "ATT" : {
      "AAT" : 0.002137251,
      "ACT" : 0.002738017,
      "AGT" : 0.001010583
   },
   "CAA" : {
      "CCA" : 0.000480898,
      "CGA" : 0.003286208,
      "CTA" : 0.000223965
   },
   "CAC" : {
      "CCC" : 0.000548178,
      "CGC" : 0.00468678,
      "CTC" : 0.000459757
   },
   "CAG" : {
      "CCG" : 0.001166705,
      "CGG" : 0.00583967,
      "CTG" : 0.00054953
   },
   "CAT" : {
      "CCT" : 0.000409431,
      "CGT" : 0.005124704,
      "CTT" : 0.000643957
   },
   "CCA" : {
      "CAA" : 0.002465797,
      "CGA" : 0.000332462,
      "CTA" : 0.004843215
   },
   "CCC" : {
      "CAC" : 0.00327532,
      "CGC" : 0.000188477,
      "CTC" : 0.004739654
   },
   "CCG" : {
      "CAG" : 0.000847794,
      "CGG" : 0.000106138,
      "CTG" : 0.02036776
   },
   "CCT" : {
      "CAT" : 0.006811249,
      "CGT" : 0.000381728,
      "CTT" : 0.004310853
   },
   "CGA" : {
      "CAA" : 0.015676154,
      "CCA" : 0.000117265,
      "CTA" : 0.000600477
   },
   "CGC" : {
      "CAC" : 0.025121056,
      "CCC" : 2.3089e-05,
      "CTC" : 0.000360309
   },
   "CGG" : {
      "CAG" : 0.02036776,
      "CCG" : 0.000106138,
      "CTG" : 0.000847794
   },
   "CGT" : {
      "CAT" : 0.033795057,
      "CCT" : 0.000131288,
      "CTT" : 0.000282667
   },
   "CTA" : {
      "CAA" : 0.000276037,
      "CCA" : 0.00206767,
      "CGA" : 5.4679e-05
   },
   "CTC" : {
      "CAC" : 0.000883558,
      "CCC" : 0.002562091,
      "CGC" : 0.001029244
   },
   "CTG" : {
      "CAG" : 0.00054953,
      "CCG" : 0.00583967,
      "CGG" : 0.001166705
   },
   "CTT" : {
      "CAT" : 0.00085363,
      "CCT" : 0.003209769,
      "CGT" : 0.00310528
   },
   "GAA" : {
      "GCA" : 0.0004043,
      "GGA" : 0.002508435,
      "GTA" : 0.00060635
   },
   "GAC" : {
      "GCC" : 0.000347659,
      "GGC" : 0.004694126,
      "GTC" : 0.000749532
   },
   "GAG" : {
      "GCG" : 0.001029244,
      "GGG" : 0.002562091,
      "GTG" : 0.000883558
   },
   "GAT" : {
      "GCT" : 0.00049178,
      "GGT" : 0.002731798,
      "GTT" : 0.00149267
   },
   "GCA" : {
      "GAA" : 0.001787842,
      "GGA" : 0.000296459,
      "GTA" : 0.00896741
   },
   "GCC" : {
      "GAC" : 0.00168693,
      "GGC" : 0.000648772,
      "GTC" : 0.012928138
   },
   "GCG" : {
      "GAG" : 0.000360309,
      "GGG" : 2.3089e-05,
      "GTG" : 0.025121056
   },
   "GCT" : {
      "GAT" : 0.002613327,
      "GGT" : 0.000347463,
      "GTT" : 0.008603035
   },
   "GGA" : {
      "GAA" : 0.005011942,
      "GCA" : 0.000878762,
      "GTA" : 0.002604165
   },
   "GGC" : {
      "GAC" : 0.012928138,
      "GCC" : 0.000648772,
      "GTC" : 0.00168693
   },
   "GGG" : {
      "GAG" : 0.004739654,
      "GCG" : 0.000188477,
      "GTG" : 0.00327532
   },
   "GGT" : {
      "GAT" : 0.004354705,
      "GCT" : 0.000629076,
      "GTT" : 0.001978686
   },
   "GTA" : {
      "GAA" : 0.000129516,
      "GCA" : 0.00590513,
      "GGA" : 1.784e-05
   },
   "GTC" : {
      "GAC" : 0.000749532,
      "GCC" : 0.004694126,
      "GGC" : 0.000347659
   },
   "GTG" : {
      "GAG" : 0.000459757,
      "GCG" : 0.00468678,
      "GGG" : 0.000548178
   },
   "GTT" : {
      "GAT" : 0.000755663,
      "GCT" : 0.004591972,
      "GGT" : 0.001572535
   },
   "TAA" : {
      "TCA" : 0.000254396,
      "TGA" : 0.002767109,
      "TTA" : 0.001102875
   },
   "TAC" : {
      "TCC" : 1.784e-05,
      "TGC" : 0.00590513,
      "TTC" : 0.000129516
   },
   "TAG" : {
      "TCG" : 5.4679e-05,
      "TGG" : 0.00206767,
      "TTG" : 0.000276037
   },
   "TAT" : {
      "TCT" : 0.000286599,
      "TGT" : 0.004290653,
      "TTT" : 0.001007765
   },
   "TCA" : {
      "TAA" : 0.002754717,
      "TGA" : 0.001864484,
      "TTA" : 0.006191218
   },
   "TCC" : {
      "TAC" : 0.002604165,
      "TGC" : 0.000878762,
      "TTC" : 0.005011942
   },
   "TCG" : {
      "TAG" : 0.000600477,
      "TGG" : 0.000117265,
      "TTG" : 0.015676154
   },
   "TCT" : {
      "TAT" : 0.004037273,
      "TGT" : 0.002401797,
      "TTT" : 0.004685391
   },
   "TGA" : {
      "TAA" : 0.006191218,
      "TCA" : 0.001864484,
      "TTA" : 0.002754717
   },
   "TGC" : {
      "TAC" : 0.00896741,
      "TCC" : 0.000296459,
      "TTC" : 0.001787842
   },
   "TGG" : {
      "TAG" : 0.004843215,
      "TCG" : 0.000332462,
      "TTG" : 0.002465797
   },
   "TGT" : {
      "TAT" : 0.007271168,
      "TCT" : 0.000463454,
      "TTT" : 0.002240835
   },
   "TTA" : {
      "TAA" : 0.001102875,
      "TCA" : 0.002767109,
      "TGA" : 0.000254396
   },
   "TTC" : {
      "TAC" : 0.00060635,
      "TCC" : 0.002508435,
      "TGC" : 0.0004043
   },
   "TTG" : {
      "TAG" : 0.000223965,
      "TCG" : 0.003286208,
      "TGG" : 0.000480898
   },
   "TTT" : {
      "TAT" : 0.0008342,
      "TCT" : 0.002132065,
      "TGT" : 0.001368532
   }
}
